scenario,racks,W_zone
SAT PERCa 2028,226.0,11698144.2
MAV PERCa 2028,309.0,21325820.400000002
SAT HJTa 2028,213.0,11420910.899999999
MAV HJTa 2028,295.0,21090258.0
