scenario,racks,W_zone
SAT_PERCa_2024_fixed,100.0,5040630.0
MAV_PERCa_2024_fixed,100.0,6720840.000000001
SAT_PERCa_2024,293.0,14769045.9
MAV_PERCa_2024,308.0,20700187.200000003
SAT_HJTa_2024,270.0,14205051.0
MAV_HJTa_2024,293.0,20553481.200000003
SAT_TOPa_2024,278.0,14348219.4
MAV_TOPa_2024,298.0,20507287.200000003
