scenario,racks,W_zone
SAT_PERCa_2028,231.0,11956952.7
MAV_PERCa_2028,338.0,23327272.8
SAT_HJTa_2028,218.0,11689007.399999999
MAV_HJTa_2028,322.0,23020552.799999997
