scenario,racks,W_zone
SAT_PERC_2028,311.0,15816589.200000001
MAV_PERC_2028,342.0,23190883.200000003
SAT_HJT_2028,289.0,15343559.099999998
MAV_HJT_2028,325.0,23006490.0
SAT_TOP_2028,292.0,15391670.399999999
MAV_TOP_2028,328.0,23052364.799999997
SAT_PERCa_2028,304.0,15735556.799999999
MAV_PERCa_2028,338.0,23327272.8
SAT_HJTa_2028,286.0,15335119.799999999
MAV_HJTa_2028,321.0,22949060.4
SAT_TOPa_2028,287.0,15325713.9
MAV_TOPa_2028,324.0,23068670.400000002
