ScenarioID,Elec Hardware,Elec Install,Modules,Mount Hardware,Mount Install,Site Other
MAV HJTa 2028,1172654.0909999995,395418.9594851998,2226087.770905648,1248617.3490000002,442985.598,926684.523
SAT HJTa 2028,629758.6784999999,212354.62639019996,1195491.5806715516,1039080.15,1779809.1120000002,926684.523
