ScenarioID,Elec Hardware,Elec Install,Modules,Mount Hardware,Mount Install,Site Other
MAV HJTa 2028,1191957.0389999999,401927.91355079995,2262731.19100286,1269170.7210000001,450277.542,926684.523
SAT HJTa 2028,655093.79775,220897.6286013,1243586.0695491428,1080882.225,1851410.6280000003,926684.523
