ScenarioID,Elec Hardware,Elec Install,Modules,Mount Hardware,Mount Install,Site Other
MAV PERC 2026,1120532.0490000003,377843.40692280006,2778964.30280196,1269170.7210000001,450277.542,926684.523
SAT PERC 2026,632851.0965,213397.38973979998,1569496.03336386,1110740.85,1902554.568,926684.523
