ScenarioID,Elec Hardware,Elec Install,Modules,Mount Hardware,Mount Install,Site Other
MAV HJTa 2028,1467024.0479999997,494680.50898559985,2784899.927388136,1562056.272,554187.744,926684.523
SAT HJTa 2028,785388.6967499999,264833.0685441,1490929.155205326,1295864.3250000002,2219646.9960000003,926684.523
