ScenarioID,Elec Hardware,Elec Install,Modules,Mount Hardware,Mount Install,Site Other
MAV PERC 2024,1045275.1920000003,352466.79474240006,3762990.6912000002,1202372.262,426578.724,926684.523
SAT PERC 2024,603043.38,203346.227736,2170956.168,1074910.5,1841181.84,926684.523
