ScenarioID,Elec Hardware,Elec Install,Modules,Mount Hardware,Mount Install,Site Other
MAV PERC 2024,1072077.1200000003,361504.40486400004,3859477.632,1233202.32,437516.63999999996,926684.523
SAT PERC 2024,609743.8620000001,205605.63026640002,2195077.9032,1086853.9500000002,1861639.416,926684.523
