ScenarioID,Elec Hardware,Elec Install,Modules,Mount Hardware,Mount Install,Site Other
MAV PERC 2026,1143214.8840000003,385492.0588848001,2835218.64091536,1294862.436,459392.472,926684.523
SAT PERC 2026,626046.246,211102.7941512,1552619.73192984,1098797.4000000001,1882096.992,926684.523
